BO-ireland-new1,10 Mbps,EU (Ireland),192.168.7.0/24,bo-ireland-new-ipsec1,bo-new-ireland-ike1,10.3.248.1,,,ipaddr,10.3.248.1,192.168.3.6/32,,no,,,,,,,,,
BO-ireland-new2,10 Mbps,EU (Ireland),192.168.7.0/24,bo-ireland-new-ipsec2,bo-new-ireland-ike2,10.3.248.2,,,ipaddr,10.3.248.2,192.168.3.6/32,,no,,,,,,,,,
BO-ireland-new3,10 Mbps,EU (Ireland),192.168.7.0/24,bo-ireland-new-ipsec3,bo-new-ireland-ike3,10.3.248.3,,,ipaddr,10.3.248.3,192.168.3.6/32,,no,,,,,,,,,
BO-ireland-new4,10 Mbps,EU (Ireland),192.168.7.0/24,bo-ireland-new-ipsec4,bo-new-ireland-ike4,10.3.248.4,,,ipaddr,10.3.248.4,192.168.3.6/32,,no,,,,,,,,,
BO-ireland-new5,10 Mbps,EU (Ireland),192.168.7.0/24,bo-ireland-new-ipsec5,bo-new-ireland-ike5,10.3.248.5,,,ipaddr,10.3.248.5,192.168.3.6/32,,no,,,,,,,,,
BO-ireland-new6,10 Mbps,EU (Ireland),192.168.7.0/24,bo-ireland-new-ipsec6,bo-new-ireland-ike6,10.3.248.6,,,ipaddr,10.3.248.6,192.168.3.6/32,,no,,,,,,,,,
BO-ireland-new7,10 Mbps,EU (Ireland),192.168.7.0/24,bo-ireland-new-ipsec7,bo-new-ireland-ike7,10.3.248.7,,,ipaddr,10.3.248.7,192.168.3.6/32,,no,,,,,,,,,
BO-ireland-new8,10 Mbps,EU (Ireland),192.168.7.0/24,bo-ireland-new-ipsec8,bo-new-ireland-ike8,10.3.248.8,,,ipaddr,10.3.248.8,192.168.3.6/32,,no,,,,,,,,,
BO-ireland-new9,10 Mbps,EU (Ireland),192.168.7.0/24,bo-ireland-new-ipsec9,bo-new-ireland-ike9,10.3.248.9,,,ipaddr,10.3.248.9,192.168.3.6/32,,no,,,,,,,,,
BO-ireland-new10,10 Mbps,EU (Ireland),192.168.7.0/24,bo-ireland-new-ipsec10,bo-new-ireland-ike10,10.3.248.10,,,ipaddr,10.3.248.10,192.168.3.6/32,,no,,,,,,,,,
BO-ireland-new11,10 Mbps,EU (Ireland),192.168.7.0/24,bo-ireland-new-ipsec11,bo-new-ireland-ike11,10.3.248.11,,,ipaddr,10.3.248.11,192.168.3.6/32,,no,,,,,,,,,
BO-ireland-new12,10 Mbps,EU (Ireland),192.168.7.0/24,bo-ireland-new-ipsec12,bo-new-ireland-ike12,10.3.248.12,,,ipaddr,10.3.248.12,192.168.3.6/32,,no,,,,,,,,,
BO-ireland-new13,10 Mbps,EU (Ireland),192.168.7.0/24,bo-ireland-new-ipsec13,bo-new-ireland-ike13,10.3.248.13,,,ipaddr,10.3.248.13,192.168.3.6/32,,no,,,,,,,,,
BO-ireland-new14,10 Mbps,EU (Ireland),192.168.7.0/24,bo-ireland-new-ipsec14,bo-new-ireland-ike14,10.3.248.14,,,ipaddr,10.3.248.14,192.168.3.6/32,,no,,,,,,,,,
BO-ireland-new15,10 Mbps,EU (Ireland),192.168.7.0/24,bo-ireland-new-ipsec15,bo-new-ireland-ike15,10.3.248.15,,,ipaddr,10.3.248.15,192.168.3.6/32,,no,,,,,,,,,
BO-ireland-new16,10 Mbps,EU (Ireland),192.168.7.0/24,bo-ireland-new-ipsec16,bo-new-ireland-ike16,10.3.248.16,,,ipaddr,10.3.248.16,192.168.3.6/32,,no,,,,,,,,,
BO-ireland-new17,10 Mbps,EU (Ireland),192.168.7.0/24,bo-ireland-new-ipsec17,bo-new-ireland-ike17,10.3.248.17,,,ipaddr,10.3.248.17,192.168.3.6/32,,no,,,,,,,,,
BO-ireland-new18,10 Mbps,EU (Ireland),192.168.7.0/24,bo-ireland-new-ipsec18,bo-new-ireland-ike18,10.3.248.18,,,ipaddr,10.3.248.18,192.168.3.6/32,,no,,,,,,,,,
BO-ireland-new19,10 Mbps,EU (Ireland),192.168.7.0/24,bo-ireland-new-ipsec19,bo-new-ireland-ike19,10.3.248.19,,,ipaddr,10.3.248.19,192.168.3.6/32,,no,,,,,,,,,
BO-ireland-new20,10 Mbps,EU (Ireland),192.168.7.0/24,bo-ireland-new-ipsec20,bo-new-ireland-ike20,10.3.248.20,,,ipaddr,10.3.248.20,192.168.3.6/32,,no,,,,,,,,,
BO-ireland-new21,10 Mbps,EU (Ireland),192.168.7.0/24,bo-ireland-new-ipsec21,bo-new-ireland-ike21,10.3.248.21,,,ipaddr,10.3.248.21,192.168.3.6/32,,no,,,,,,,,,
BO-ireland-new22,10 Mbps,EU (Ireland),192.168.7.0/24,bo-ireland-new-ipsec22,bo-new-ireland-ike22,10.3.248.22,,,ipaddr,10.3.248.22,192.168.3.6/32,,no,,,,,,,,,
BO-ireland-new23,10 Mbps,EU (Ireland),192.168.7.0/24,bo-ireland-new-ipsec23,bo-new-ireland-ike23,10.3.248.23,,,ipaddr,10.3.248.23,192.168.3.6/32,,no,,,,,,,,,
BO-ireland-new24,10 Mbps,EU (Ireland),192.168.7.0/24,bo-ireland-new-ipsec24,bo-new-ireland-ike24,10.3.248.24,,,ipaddr,10.3.248.24,192.168.3.6/32,,no,,,,,,,,,
BO-ireland-new25,10 Mbps,EU (Ireland),192.168.7.0/24,bo-ireland-new-ipsec25,bo-new-ireland-ike25,10.3.248.25,,,ipaddr,10.3.248.25,192.168.3.6/32,,no,,,,,,,,,
BO-ireland-new26,10 Mbps,EU (Ireland),192.168.7.0/24,bo-ireland-new-ipsec26,bo-new-ireland-ike26,10.3.248.26,,,ipaddr,10.3.248.26,192.168.3.6/32,,no,,,,,,,,,
BO-ireland-new27,10 Mbps,EU (Ireland),192.168.7.0/24,bo-ireland-new-ipsec27,bo-new-ireland-ike27,10.3.248.27,,,ipaddr,10.3.248.27,192.168.3.6/32,,no,,,,,,,,,
BO-ireland-new28,10 Mbps,EU (Ireland),192.168.7.0/24,bo-ireland-new-ipsec28,bo-new-ireland-ike28,10.3.248.28,,,ipaddr,10.3.248.28,192.168.3.6/32,,no,,,,,,,,,
BO-ireland-new29,10 Mbps,EU (Ireland),192.168.7.0/24,bo-ireland-new-ipsec29,bo-new-ireland-ike29,10.3.248.29,,,ipaddr,10.3.248.29,192.168.3.6/32,,no,,,,,,,,,
BO-ireland-new30,10 Mbps,EU (Ireland),192.168.7.0/24,bo-ireland-new-ipsec30,bo-new-ireland-ike30,10.3.248.30,,,ipaddr,10.3.248.30,192.168.3.6/32,,no,,,,,,,,,
BO-ireland-new31,10 Mbps,EU (Ireland),192.168.7.0/24,bo-ireland-new-ipsec31,bo-new-ireland-ike31,10.3.248.31,,,ipaddr,10.3.248.31,192.168.3.6/32,,no,,,,,,,,,
BO-ireland-new32,10 Mbps,EU (Ireland),192.168.7.0/24,bo-ireland-new-ipsec32,bo-new-ireland-ike32,10.3.248.32,,,ipaddr,10.3.248.32,192.168.3.6/32,,no,,,,,,,,,
BO-ireland-new33,10 Mbps,EU (Ireland),192.168.7.0/24,bo-ireland-new-ipsec33,bo-new-ireland-ike33,10.3.248.33,,,ipaddr,10.3.248.33,192.168.3.6/32,,no,,,,,,,,,
BO-ireland-new34,10 Mbps,EU (Ireland),192.168.7.0/24,bo-ireland-new-ipsec34,bo-new-ireland-ike34,10.3.248.34,,,ipaddr,10.3.248.34,192.168.3.6/32,,no,,,,,,,,,
BO-ireland-new35,10 Mbps,EU (Ireland),192.168.7.0/24,bo-ireland-new-ipsec35,bo-new-ireland-ike35,10.3.248.35,,,ipaddr,10.3.248.35,192.168.3.6/32,,no,,,,,,,,,
BO-ireland-new36,10 Mbps,EU (Ireland),192.168.7.0/24,bo-ireland-new-ipsec36,bo-new-ireland-ike36,10.3.248.36,,,ipaddr,10.3.248.36,192.168.3.6/32,,no,,,,,,,,,
BO-ireland-new37,10 Mbps,EU (Ireland),192.168.7.0/24,bo-ireland-new-ipsec37,bo-new-ireland-ike37,10.3.248.37,,,ipaddr,10.3.248.37,192.168.3.6/32,,no,,,,,,,,,
BO-ireland-new38,10 Mbps,EU (Ireland),192.168.7.0/24,bo-ireland-new-ipsec38,bo-new-ireland-ike38,10.3.248.38,,,ipaddr,10.3.248.38,192.168.3.6/32,,no,,,,,,,,,
BO-ireland-new39,10 Mbps,EU (Ireland),192.168.7.0/24,bo-ireland-new-ipsec39,bo-new-ireland-ike39,10.3.248.39,,,ipaddr,10.3.248.39,192.168.3.6/32,,no,,,,,,,,,
BO-ireland-new40,10 Mbps,EU (Ireland),192.168.7.0/24,bo-ireland-new-ipsec40,bo-new-ireland-ike40,10.3.248.40,,,ipaddr,10.3.248.40,192.168.3.6/32,,no,,,,,,,,,
BO-ireland-new41,10 Mbps,EU (Ireland),192.168.7.0/24,bo-ireland-new-ipsec41,bo-new-ireland-ike41,10.3.248.41,,,ipaddr,10.3.248.41,192.168.3.6/32,,no,,,,,,,,,
BO-ireland-new42,10 Mbps,EU (Ireland),192.168.7.0/24,bo-ireland-new-ipsec42,bo-new-ireland-ike42,10.3.248.42,,,ipaddr,10.3.248.42,192.168.3.6/32,,no,,,,,,,,,
BO-ireland-new43,10 Mbps,EU (Ireland),192.168.7.0/24,bo-ireland-new-ipsec43,bo-new-ireland-ike43,10.3.248.43,,,ipaddr,10.3.248.43,192.168.3.6/32,,no,,,,,,,,,
BO-ireland-new44,10 Mbps,EU (Ireland),192.168.7.0/24,bo-ireland-new-ipsec44,bo-new-ireland-ike44,10.3.248.44,,,ipaddr,10.3.248.44,192.168.3.6/32,,no,,,,,,,,,
BO-ireland-new45,10 Mbps,EU (Ireland),192.168.7.0/24,bo-ireland-new-ipsec45,bo-new-ireland-ike45,10.3.248.45,,,ipaddr,10.3.248.45,192.168.3.6/32,,no,,,,,,,,,
BO-ireland-new46,10 Mbps,EU (Ireland),192.168.7.0/24,bo-ireland-new-ipsec46,bo-new-ireland-ike46,10.3.248.46,,,ipaddr,10.3.248.46,192.168.3.6/32,,no,,,,,,,,,
BO-ireland-new47,10 Mbps,EU (Ireland),192.168.7.0/24,bo-ireland-new-ipsec47,bo-new-ireland-ike47,10.3.248.47,,,ipaddr,10.3.248.47,192.168.3.6/32,,no,,,,,,,,,
BO-ireland-new48,10 Mbps,EU (Ireland),192.168.7.0/24,bo-ireland-new-ipsec48,bo-new-ireland-ike48,10.3.248.48,,,ipaddr,10.3.248.48,192.168.3.6/32,,no,,,,,,,,,
BO-ireland-new49,10 Mbps,EU (Ireland),192.168.7.0/24,bo-ireland-new-ipsec49,bo-new-ireland-ike49,10.3.248.49,,,ipaddr,10.3.248.49,192.168.3.6/32,,no,,,,,,,,,
BO-ireland-new50,10 Mbps,EU (Ireland),192.168.7.0/24,bo-ireland-new-ipsec50,bo-new-ireland-ike50,10.3.248.50,,,ipaddr,10.3.248.50,192.168.3.6/32,,no,,,,,,,,,
BO-ireland-new51,10 Mbps,EU (Ireland),192.168.7.0/24,bo-ireland-new-ipsec51,bo-new-ireland-ike51,10.3.248.51,,,ipaddr,10.3.248.51,192.168.3.6/32,,no,,,,,,,,,
BO-ireland-new52,10 Mbps,EU (Ireland),192.168.7.0/24,bo-ireland-new-ipsec52,bo-new-ireland-ike52,10.3.248.52,,,ipaddr,10.3.248.52,192.168.3.6/32,,no,,,,,,,,,
BO-ireland-new53,10 Mbps,EU (Ireland),192.168.7.0/24,bo-ireland-new-ipsec53,bo-new-ireland-ike53,10.3.248.53,,,ipaddr,10.3.248.53,192.168.3.6/32,,no,,,,,,,,,
BO-ireland-new54,10 Mbps,EU (Ireland),192.168.7.0/24,bo-ireland-new-ipsec54,bo-new-ireland-ike54,10.3.248.54,,,ipaddr,10.3.248.54,192.168.3.6/32,,no,,,,,,,,,
BO-ireland-new55,10 Mbps,EU (Ireland),192.168.7.0/24,bo-ireland-new-ipsec55,bo-new-ireland-ike55,10.3.248.55,,,ipaddr,10.3.248.55,192.168.3.6/32,,no,,,,,,,,,
BO-ireland-new56,10 Mbps,EU (Ireland),192.168.7.0/24,bo-ireland-new-ipsec56,bo-new-ireland-ike56,10.3.248.56,,,ipaddr,10.3.248.56,192.168.3.6/32,,no,,,,,,,,,
BO-ireland-new57,10 Mbps,EU (Ireland),192.168.7.0/24,bo-ireland-new-ipsec57,bo-new-ireland-ike57,10.3.248.57,,,ipaddr,10.3.248.57,192.168.3.6/32,,no,,,,,,,,,
BO-ireland-new58,10 Mbps,EU (Ireland),192.168.7.0/24,bo-ireland-new-ipsec58,bo-new-ireland-ike58,10.3.248.58,,,ipaddr,10.3.248.58,192.168.3.6/32,,no,,,,,,,,,
BO-ireland-new59,10 Mbps,EU (Ireland),192.168.7.0/24,bo-ireland-new-ipsec59,bo-new-ireland-ike59,10.3.248.59,,,ipaddr,10.3.248.59,192.168.3.6/32,,no,,,,,,,,,
BO-ireland-new60,10 Mbps,EU (Ireland),192.168.7.0/24,bo-ireland-new-ipsec60,bo-new-ireland-ike60,10.3.248.60,,,ipaddr,10.3.248.60,192.168.3.6/32,,no,,,,,,,,,
BO-ireland-new61,10 Mbps,EU (Ireland),192.168.7.0/24,bo-ireland-new-ipsec61,bo-new-ireland-ike61,10.3.248.61,,,ipaddr,10.3.248.61,192.168.3.6/32,,no,,,,,,,,,
BO-ireland-new62,10 Mbps,EU (Ireland),192.168.7.0/24,bo-ireland-new-ipsec62,bo-new-ireland-ike62,10.3.248.62,,,ipaddr,10.3.248.62,192.168.3.6/32,,no,,,,,,,,,
BO-ireland-new63,10 Mbps,EU (Ireland),192.168.7.0/24,bo-ireland-new-ipsec63,bo-new-ireland-ike63,10.3.248.63,,,ipaddr,10.3.248.63,192.168.3.6/32,,no,,,,,,,,,
BO-ireland-new64,10 Mbps,EU (Ireland),192.168.7.0/24,bo-ireland-new-ipsec64,bo-new-ireland-ike64,10.3.248.64,,,ipaddr,10.3.248.64,192.168.3.6/32,,no,,,,,,,,,
BO-ireland-new65,10 Mbps,EU (Ireland),192.168.7.0/24,bo-ireland-new-ipsec65,bo-new-ireland-ike65,10.3.248.65,,,ipaddr,10.3.248.65,192.168.3.6/32,,no,,,,,,,,,
BO-ireland-new66,10 Mbps,EU (Ireland),192.168.7.0/24,bo-ireland-new-ipsec66,bo-new-ireland-ike66,10.3.248.66,,,ipaddr,10.3.248.66,192.168.3.6/32,,no,,,,,,,,,
BO-ireland-new67,10 Mbps,EU (Ireland),192.168.7.0/24,bo-ireland-new-ipsec67,bo-new-ireland-ike67,10.3.248.67,,,ipaddr,10.3.248.67,192.168.3.6/32,,no,,,,,,,,,
BO-ireland-new68,10 Mbps,EU (Ireland),192.168.7.0/24,bo-ireland-new-ipsec68,bo-new-ireland-ike68,10.3.248.68,,,ipaddr,10.3.248.68,192.168.3.6/32,,no,,,,,,,,,
BO-ireland-new69,10 Mbps,EU (Ireland),192.168.7.0/24,bo-ireland-new-ipsec69,bo-new-ireland-ike69,10.3.248.69,,,ipaddr,10.3.248.69,192.168.3.6/32,,no,,,,,,,,,
BO-ireland-new70,10 Mbps,EU (Ireland),192.168.7.0/24,bo-ireland-new-ipsec70,bo-new-ireland-ike70,10.3.248.70,,,ipaddr,10.3.248.70,192.168.3.6/32,,no,,,,,,,,,
BO-ireland-new71,10 Mbps,EU (Ireland),192.168.7.0/24,bo-ireland-new-ipsec71,bo-new-ireland-ike71,10.3.248.71,,,ipaddr,10.3.248.71,192.168.3.6/32,,no,,,,,,,,,
BO-ireland-new72,10 Mbps,EU (Ireland),192.168.7.0/24,bo-ireland-new-ipsec72,bo-new-ireland-ike72,10.3.248.72,,,ipaddr,10.3.248.72,192.168.3.6/32,,no,,,,,,,,,
BO-ireland-new73,10 Mbps,EU (Ireland),192.168.7.0/24,bo-ireland-new-ipsec73,bo-new-ireland-ike73,10.3.248.73,,,ipaddr,10.3.248.73,192.168.3.6/32,,no,,,,,,,,,
BO-ireland-new74,10 Mbps,EU (Ireland),192.168.7.0/24,bo-ireland-new-ipsec74,bo-new-ireland-ike74,10.3.248.74,,,ipaddr,10.3.248.74,192.168.3.6/32,,no,,,,,,,,,
BO-ireland-new75,10 Mbps,EU (Ireland),192.168.7.0/24,bo-ireland-new-ipsec75,bo-new-ireland-ike75,10.3.248.75,,,ipaddr,10.3.248.75,192.168.3.6/32,,no,,,,,,,,,
BO-ireland-new76,10 Mbps,EU (Ireland),192.168.7.0/24,bo-ireland-new-ipsec76,bo-new-ireland-ike76,10.3.248.76,,,ipaddr,10.3.248.76,192.168.3.6/32,,no,,,,,,,,,
BO-ireland-new77,10 Mbps,EU (Ireland),192.168.7.0/24,bo-ireland-new-ipsec77,bo-new-ireland-ike77,10.3.248.77,,,ipaddr,10.3.248.77,192.168.3.6/32,,no,,,,,,,,,
BO-ireland-new78,10 Mbps,EU (Ireland),192.168.7.0/24,bo-ireland-new-ipsec78,bo-new-ireland-ike78,10.3.248.78,,,ipaddr,10.3.248.78,192.168.3.6/32,,no,,,,,,,,,
BO-ireland-new79,10 Mbps,EU (Ireland),192.168.7.0/24,bo-ireland-new-ipsec79,bo-new-ireland-ike79,10.3.248.79,,,ipaddr,10.3.248.79,192.168.3.6/32,,no,,,,,,,,,
BO-ireland-new80,10 Mbps,EU (Ireland),192.168.7.0/24,bo-ireland-new-ipsec80,bo-new-ireland-ike80,10.3.248.80,,,ipaddr,10.3.248.80,192.168.3.6/32,,no,,,,,,,,,
BO-ireland-new81,10 Mbps,EU (Ireland),192.168.7.0/24,bo-ireland-new-ipsec81,bo-new-ireland-ike81,10.3.248.81,,,ipaddr,10.3.248.81,192.168.3.6/32,,no,,,,,,,,,
BO-ireland-new82,10 Mbps,EU (Ireland),192.168.7.0/24,bo-ireland-new-ipsec82,bo-new-ireland-ike82,10.3.248.82,,,ipaddr,10.3.248.82,192.168.3.6/32,,no,,,,,,,,,
BO-ireland-new83,10 Mbps,EU (Ireland),192.168.7.0/24,bo-ireland-new-ipsec83,bo-new-ireland-ike83,10.3.248.83,,,ipaddr,10.3.248.83,192.168.3.6/32,,no,,,,,,,,,
BO-ireland-new84,10 Mbps,EU (Ireland),192.168.7.0/24,bo-ireland-new-ipsec84,bo-new-ireland-ike84,10.3.248.84,,,ipaddr,10.3.248.84,192.168.3.6/32,,no,,,,,,,,,
BO-ireland-new85,10 Mbps,EU (Ireland),192.168.7.0/24,bo-ireland-new-ipsec85,bo-new-ireland-ike85,10.3.248.85,,,ipaddr,10.3.248.85,192.168.3.6/32,,no,,,,,,,,,
BO-ireland-new86,10 Mbps,EU (Ireland),192.168.7.0/24,bo-ireland-new-ipsec86,bo-new-ireland-ike86,10.3.248.86,,,ipaddr,10.3.248.86,192.168.3.6/32,,no,,,,,,,,,
BO-ireland-new87,10 Mbps,EU (Ireland),192.168.7.0/24,bo-ireland-new-ipsec87,bo-new-ireland-ike87,10.3.248.87,,,ipaddr,10.3.248.87,192.168.3.6/32,,no,,,,,,,,,
BO-ireland-new88,10 Mbps,EU (Ireland),192.168.7.0/24,bo-ireland-new-ipsec88,bo-new-ireland-ike88,10.3.248.88,,,ipaddr,10.3.248.88,192.168.3.6/32,,no,,,,,,,,,
BO-ireland-new89,10 Mbps,EU (Ireland),192.168.7.0/24,bo-ireland-new-ipsec89,bo-new-ireland-ike89,10.3.248.89,,,ipaddr,10.3.248.89,192.168.3.6/32,,no,,,,,,,,,
BO-ireland-new90,10 Mbps,EU (Ireland),192.168.7.0/24,bo-ireland-new-ipsec90,bo-new-ireland-ike90,10.3.248.90,,,ipaddr,10.3.248.90,192.168.3.6/32,,no,,,,,,,,,
BO-ireland-new91,10 Mbps,EU (Ireland),192.168.7.0/24,bo-ireland-new-ipsec91,bo-new-ireland-ike91,10.3.248.91,,,ipaddr,10.3.248.91,192.168.3.6/32,,no,,,,,,,,,
BO-ireland-new92,10 Mbps,EU (Ireland),192.168.7.0/24,bo-ireland-new-ipsec92,bo-new-ireland-ike92,10.3.248.92,,,ipaddr,10.3.248.92,192.168.3.6/32,,no,,,,,,,,,
BO-ireland-new93,10 Mbps,EU (Ireland),192.168.7.0/24,bo-ireland-new-ipsec93,bo-new-ireland-ike93,10.3.248.93,,,ipaddr,10.3.248.93,192.168.3.6/32,,no,,,,,,,,,
BO-ireland-new94,10 Mbps,EU (Ireland),192.168.7.0/24,bo-ireland-new-ipsec94,bo-new-ireland-ike94,10.3.248.94,,,ipaddr,10.3.248.94,192.168.3.6/32,,no,,,,,,,,,
BO-ireland-new95,10 Mbps,EU (Ireland),192.168.7.0/24,bo-ireland-new-ipsec95,bo-new-ireland-ike95,10.3.248.95,,,ipaddr,10.3.248.95,192.168.3.6/32,,no,,,,,,,,,
BO-ireland-new96,10 Mbps,EU (Ireland),192.168.7.0/24,bo-ireland-new-ipsec96,bo-new-ireland-ike96,10.3.248.96,,,ipaddr,10.3.248.96,192.168.3.6/32,,no,,,,,,,,,
BO-ireland-new97,10 Mbps,EU (Ireland),192.168.7.0/24,bo-ireland-new-ipsec97,bo-new-ireland-ike97,10.3.248.97,,,ipaddr,10.3.248.97,192.168.3.6/32,,no,,,,,,,,,
BO-ireland-new98,10 Mbps,EU (Ireland),192.168.7.0/24,bo-ireland-new-ipsec98,bo-new-ireland-ike98,10.3.248.98,,,ipaddr,10.3.248.98,192.168.3.6/32,,no,,,,,,,,,
BO-ireland-new99,10 Mbps,EU (Ireland),192.168.7.0/24,bo-ireland-new-ipsec99,bo-new-ireland-ike99,10.3.248.99,,,ipaddr,10.3.248.99,192.168.3.6/32,,no,,,,,,,,,
BO-ireland-new100,10 Mbps,EU (Ireland),192.168.7.0/24,bo-ireland-new-ipsec100,bo-new-ireland-ike100,10.3.248.100,,,ipaddr,10.3.248.100,192.168.3.6/32,,no,,,,,,,,,
BO-ireland-new101,10 Mbps,EU (Ireland),192.168.7.0/24,bo-ireland-new-ipsec101,bo-new-ireland-ike101,10.3.248.101,,,ipaddr,10.3.248.101,192.168.3.6/32,,no,,,,,,,,,
BO-ireland-new102,10 Mbps,EU (Ireland),192.168.7.0/24,bo-ireland-new-ipsec102,bo-new-ireland-ike102,10.3.248.102,,,ipaddr,10.3.248.102,192.168.3.6/32,,no,,,,,,,,,
BO-ireland-new103,10 Mbps,EU (Ireland),192.168.7.0/24,bo-ireland-new-ipsec103,bo-new-ireland-ike103,10.3.248.103,,,ipaddr,10.3.248.103,192.168.3.6/32,,no,,,,,,,,,
BO-ireland-new104,10 Mbps,EU (Ireland),192.168.7.0/24,bo-ireland-new-ipsec104,bo-new-ireland-ike104,10.3.248.104,,,ipaddr,10.3.248.104,192.168.3.6/32,,no,,,,,,,,,
BO-ireland-new105,10 Mbps,EU (Ireland),192.168.7.0/24,bo-ireland-new-ipsec105,bo-new-ireland-ike105,10.3.248.105,,,ipaddr,10.3.248.105,192.168.3.6/32,,no,,,,,,,,,
BO-ireland-new106,10 Mbps,EU (Ireland),192.168.7.0/24,bo-ireland-new-ipsec106,bo-new-ireland-ike106,10.3.248.106,,,ipaddr,10.3.248.106,192.168.3.6/32,,no,,,,,,,,,
BO-ireland-new107,10 Mbps,EU (Ireland),192.168.7.0/24,bo-ireland-new-ipsec107,bo-new-ireland-ike107,10.3.248.107,,,ipaddr,10.3.248.107,192.168.3.6/32,,no,,,,,,,,,
BO-ireland-new108,10 Mbps,EU (Ireland),192.168.7.0/24,bo-ireland-new-ipsec108,bo-new-ireland-ike108,10.3.248.108,,,ipaddr,10.3.248.108,192.168.3.6/32,,no,,,,,,,,,
BO-ireland-new109,10 Mbps,EU (Ireland),192.168.7.0/24,bo-ireland-new-ipsec109,bo-new-ireland-ike109,10.3.248.109,,,ipaddr,10.3.248.109,192.168.3.6/32,,no,,,,,,,,,
BO-ireland-new110,10 Mbps,EU (Ireland),192.168.7.0/24,bo-ireland-new-ipsec110,bo-new-ireland-ike110,10.3.248.110,,,ipaddr,10.3.248.110,192.168.3.6/32,,no,,,,,,,,,
BO-ireland-new111,10 Mbps,EU (Ireland),192.168.7.0/24,bo-ireland-new-ipsec111,bo-new-ireland-ike111,10.3.248.111,,,ipaddr,10.3.248.111,192.168.3.6/32,,no,,,,,,,,,
BO-ireland-new112,10 Mbps,EU (Ireland),192.168.7.0/24,bo-ireland-new-ipsec112,bo-new-ireland-ike112,10.3.248.112,,,ipaddr,10.3.248.112,192.168.3.6/32,,no,,,,,,,,,
BO-ireland-new113,10 Mbps,EU (Ireland),192.168.7.0/24,bo-ireland-new-ipsec113,bo-new-ireland-ike113,10.3.248.113,,,ipaddr,10.3.248.113,192.168.3.6/32,,no,,,,,,,,,
BO-ireland-new114,10 Mbps,EU (Ireland),192.168.7.0/24,bo-ireland-new-ipsec114,bo-new-ireland-ike114,10.3.248.114,,,ipaddr,10.3.248.114,192.168.3.6/32,,no,,,,,,,,,
BO-ireland-new115,10 Mbps,EU (Ireland),192.168.7.0/24,bo-ireland-new-ipsec115,bo-new-ireland-ike115,10.3.248.115,,,ipaddr,10.3.248.115,192.168.3.6/32,,no,,,,,,,,,
BO-ireland-new116,10 Mbps,EU (Ireland),192.168.7.0/24,bo-ireland-new-ipsec116,bo-new-ireland-ike116,10.3.248.116,,,ipaddr,10.3.248.116,192.168.3.6/32,,no,,,,,,,,,
BO-ireland-new117,10 Mbps,EU (Ireland),192.168.7.0/24,bo-ireland-new-ipsec117,bo-new-ireland-ike117,10.3.248.117,,,ipaddr,10.3.248.117,192.168.3.6/32,,no,,,,,,,,,
BO-ireland-new118,10 Mbps,EU (Ireland),192.168.7.0/24,bo-ireland-new-ipsec118,bo-new-ireland-ike118,10.3.248.118,,,ipaddr,10.3.248.118,192.168.3.6/32,,no,,,,,,,,,
BO-ireland-new119,10 Mbps,EU (Ireland),192.168.7.0/24,bo-ireland-new-ipsec119,bo-new-ireland-ike119,10.3.248.119,,,ipaddr,10.3.248.119,192.168.3.6/32,,no,,,,,,,,,
BO-ireland-new120,10 Mbps,EU (Ireland),192.168.7.0/24,bo-ireland-new-ipsec120,bo-new-ireland-ike120,10.3.248.120,,,ipaddr,10.3.248.120,192.168.3.6/32,,no,,,,,,,,,
BO-ireland-new121,10 Mbps,EU (Ireland),192.168.7.0/24,bo-ireland-new-ipsec121,bo-new-ireland-ike121,10.3.248.121,,,ipaddr,10.3.248.121,192.168.3.6/32,,no,,,,,,,,,
BO-ireland-new122,10 Mbps,EU (Ireland),192.168.7.0/24,bo-ireland-new-ipsec122,bo-new-ireland-ike122,10.3.248.122,,,ipaddr,10.3.248.122,192.168.3.6/32,,no,,,,,,,,,
BO-ireland-new123,10 Mbps,EU (Ireland),192.168.7.0/24,bo-ireland-new-ipsec123,bo-new-ireland-ike123,10.3.248.123,,,ipaddr,10.3.248.123,192.168.3.6/32,,no,,,,,,,,,
BO-ireland-new124,10 Mbps,EU (Ireland),192.168.7.0/24,bo-ireland-new-ipsec124,bo-new-ireland-ike124,10.3.248.124,,,ipaddr,10.3.248.124,192.168.3.6/32,,no,,,,,,,,,
BO-ireland-new125,10 Mbps,EU (Ireland),192.168.7.0/24,bo-ireland-new-ipsec125,bo-new-ireland-ike125,10.3.248.125,,,ipaddr,10.3.248.125,192.168.3.6/32,,no,,,,,,,,,
BO-ireland-new126,10 Mbps,EU (Ireland),192.168.7.0/24,bo-ireland-new-ipsec126,bo-new-ireland-ike126,10.3.248.126,,,ipaddr,10.3.248.126,192.168.3.6/32,,no,,,,,,,,,
BO-ireland-new127,10 Mbps,EU (Ireland),192.168.7.0/24,bo-ireland-new-ipsec127,bo-new-ireland-ike127,10.3.248.127,,,ipaddr,10.3.248.127,192.168.3.6/32,,no,,,,,,,,,
BO-ireland-new128,10 Mbps,EU (Ireland),192.168.7.0/24,bo-ireland-new-ipsec128,bo-new-ireland-ike128,10.3.248.128,,,ipaddr,10.3.248.128,192.168.3.6/32,,no,,,,,,,,,
BO-ireland-new129,10 Mbps,EU (Ireland),192.168.7.0/24,bo-ireland-new-ipsec129,bo-new-ireland-ike129,10.3.248.129,,,ipaddr,10.3.248.129,192.168.3.6/32,,no,,,,,,,,,
BO-ireland-new130,10 Mbps,EU (Ireland),192.168.7.0/24,bo-ireland-new-ipsec130,bo-new-ireland-ike130,10.3.248.130,,,ipaddr,10.3.248.130,192.168.3.6/32,,no,,,,,,,,,
BO-ireland-new131,10 Mbps,EU (Ireland),192.168.7.0/24,bo-ireland-new-ipsec131,bo-new-ireland-ike131,10.3.248.131,,,ipaddr,10.3.248.131,192.168.3.6/32,,no,,,,,,,,,
BO-ireland-new132,10 Mbps,EU (Ireland),192.168.7.0/24,bo-ireland-new-ipsec132,bo-new-ireland-ike132,10.3.248.132,,,ipaddr,10.3.248.132,192.168.3.6/32,,no,,,,,,,,,
BO-ireland-new133,10 Mbps,EU (Ireland),192.168.7.0/24,bo-ireland-new-ipsec133,bo-new-ireland-ike133,10.3.248.133,,,ipaddr,10.3.248.133,192.168.3.6/32,,no,,,,,,,,,
BO-ireland-new134,10 Mbps,EU (Ireland),192.168.7.0/24,bo-ireland-new-ipsec134,bo-new-ireland-ike134,10.3.248.134,,,ipaddr,10.3.248.134,192.168.3.6/32,,no,,,,,,,,,
BO-ireland-new135,10 Mbps,EU (Ireland),192.168.7.0/24,bo-ireland-new-ipsec135,bo-new-ireland-ike135,10.3.248.135,,,ipaddr,10.3.248.135,192.168.3.6/32,,no,,,,,,,,,
BO-ireland-new136,10 Mbps,EU (Ireland),192.168.7.0/24,bo-ireland-new-ipsec136,bo-new-ireland-ike136,10.3.248.136,,,ipaddr,10.3.248.136,192.168.3.6/32,,no,,,,,,,,,
BO-ireland-new137,10 Mbps,EU (Ireland),192.168.7.0/24,bo-ireland-new-ipsec137,bo-new-ireland-ike137,10.3.248.137,,,ipaddr,10.3.248.137,192.168.3.6/32,,no,,,,,,,,,
BO-ireland-new138,10 Mbps,EU (Ireland),192.168.7.0/24,bo-ireland-new-ipsec138,bo-new-ireland-ike138,10.3.248.138,,,ipaddr,10.3.248.138,192.168.3.6/32,,no,,,,,,,,,
BO-ireland-new139,10 Mbps,EU (Ireland),192.168.7.0/24,bo-ireland-new-ipsec139,bo-new-ireland-ike139,10.3.248.139,,,ipaddr,10.3.248.139,192.168.3.6/32,,no,,,,,,,,,
BO-ireland-new140,10 Mbps,EU (Ireland),192.168.7.0/24,bo-ireland-new-ipsec140,bo-new-ireland-ike140,10.3.248.140,,,ipaddr,10.3.248.140,192.168.3.6/32,,no,,,,,,,,,
BO-ireland-new141,10 Mbps,EU (Ireland),192.168.7.0/24,bo-ireland-new-ipsec141,bo-new-ireland-ike141,10.3.248.141,,,ipaddr,10.3.248.141,192.168.3.6/32,,no,,,,,,,,,
BO-ireland-new142,10 Mbps,EU (Ireland),192.168.7.0/24,bo-ireland-new-ipsec142,bo-new-ireland-ike142,10.3.248.142,,,ipaddr,10.3.248.142,192.168.3.6/32,,no,,,,,,,,,
BO-ireland-new143,10 Mbps,EU (Ireland),192.168.7.0/24,bo-ireland-new-ipsec143,bo-new-ireland-ike143,10.3.248.143,,,ipaddr,10.3.248.143,192.168.3.6/32,,no,,,,,,,,,
BO-ireland-new144,10 Mbps,EU (Ireland),192.168.7.0/24,bo-ireland-new-ipsec144,bo-new-ireland-ike144,10.3.248.144,,,ipaddr,10.3.248.144,192.168.3.6/32,,no,,,,,,,,,
BO-ireland-new145,10 Mbps,EU (Ireland),192.168.7.0/24,bo-ireland-new-ipsec145,bo-new-ireland-ike145,10.3.248.145,,,ipaddr,10.3.248.145,192.168.3.6/32,,no,,,,,,,,,
BO-ireland-new146,10 Mbps,EU (Ireland),192.168.7.0/24,bo-ireland-new-ipsec146,bo-new-ireland-ike146,10.3.248.146,,,ipaddr,10.3.248.146,192.168.3.6/32,,no,,,,,,,,,
BO-ireland-new147,10 Mbps,EU (Ireland),192.168.7.0/24,bo-ireland-new-ipsec147,bo-new-ireland-ike147,10.3.248.147,,,ipaddr,10.3.248.147,192.168.3.6/32,,no,,,,,,,,,
BO-ireland-new148,10 Mbps,EU (Ireland),192.168.7.0/24,bo-ireland-new-ipsec148,bo-new-ireland-ike148,10.3.248.148,,,ipaddr,10.3.248.148,192.168.3.6/32,,no,,,,,,,,,
BO-ireland-new149,10 Mbps,EU (Ireland),192.168.7.0/24,bo-ireland-new-ipsec149,bo-new-ireland-ike149,10.3.248.149,,,ipaddr,10.3.248.149,192.168.3.6/32,,no,,,,,,,,,
BO-ireland-new150,10 Mbps,EU (Ireland),192.168.7.0/24,bo-ireland-new-ipsec150,bo-new-ireland-ike150,10.3.248.150,,,ipaddr,10.3.248.150,192.168.3.6/32,,no,,,,,,,,,
BO-ireland-new151,10 Mbps,EU (Ireland),192.168.7.0/24,bo-ireland-new-ipsec151,bo-new-ireland-ike151,10.3.248.151,,,ipaddr,10.3.248.151,192.168.3.6/32,,no,,,,,,,,,
BO-ireland-new152,10 Mbps,EU (Ireland),192.168.7.0/24,bo-ireland-new-ipsec152,bo-new-ireland-ike152,10.3.248.152,,,ipaddr,10.3.248.152,192.168.3.6/32,,no,,,,,,,,,
BO-ireland-new153,10 Mbps,EU (Ireland),192.168.7.0/24,bo-ireland-new-ipsec153,bo-new-ireland-ike153,10.3.248.153,,,ipaddr,10.3.248.153,192.168.3.6/32,,no,,,,,,,,,
BO-ireland-new154,10 Mbps,EU (Ireland),192.168.7.0/24,bo-ireland-new-ipsec154,bo-new-ireland-ike154,10.3.248.154,,,ipaddr,10.3.248.154,192.168.3.6/32,,no,,,,,,,,,
BO-ireland-new155,10 Mbps,EU (Ireland),192.168.7.0/24,bo-ireland-new-ipsec155,bo-new-ireland-ike155,10.3.248.155,,,ipaddr,10.3.248.155,192.168.3.6/32,,no,,,,,,,,,
BO-ireland-new156,10 Mbps,EU (Ireland),192.168.7.0/24,bo-ireland-new-ipsec156,bo-new-ireland-ike156,10.3.248.156,,,ipaddr,10.3.248.156,192.168.3.6/32,,no,,,,,,,,,
BO-ireland-new157,10 Mbps,EU (Ireland),192.168.7.0/24,bo-ireland-new-ipsec157,bo-new-ireland-ike157,10.3.248.157,,,ipaddr,10.3.248.157,192.168.3.6/32,,no,,,,,,,,,
BO-ireland-new158,10 Mbps,EU (Ireland),192.168.7.0/24,bo-ireland-new-ipsec158,bo-new-ireland-ike158,10.3.248.158,,,ipaddr,10.3.248.158,192.168.3.6/32,,no,,,,,,,,,
BO-ireland-new159,10 Mbps,EU (Ireland),192.168.7.0/24,bo-ireland-new-ipsec159,bo-new-ireland-ike159,10.3.248.159,,,ipaddr,10.3.248.159,192.168.3.6/32,,no,,,,,,,,,
BO-ireland-new160,10 Mbps,EU (Ireland),192.168.7.0/24,bo-ireland-new-ipsec160,bo-new-ireland-ike160,10.3.248.160,,,ipaddr,10.3.248.160,192.168.3.6/32,,no,,,,,,,,,
BO-ireland-new161,10 Mbps,EU (Ireland),192.168.7.0/24,bo-ireland-new-ipsec161,bo-new-ireland-ike161,10.3.248.161,,,ipaddr,10.3.248.161,192.168.3.6/32,,no,,,,,,,,,
BO-ireland-new162,10 Mbps,EU (Ireland),192.168.7.0/24,bo-ireland-new-ipsec162,bo-new-ireland-ike162,10.3.248.162,,,ipaddr,10.3.248.162,192.168.3.6/32,,no,,,,,,,,,
BO-ireland-new163,10 Mbps,EU (Ireland),192.168.7.0/24,bo-ireland-new-ipsec163,bo-new-ireland-ike163,10.3.248.163,,,ipaddr,10.3.248.163,192.168.3.6/32,,no,,,,,,,,,
BO-ireland-new164,10 Mbps,EU (Ireland),192.168.7.0/24,bo-ireland-new-ipsec164,bo-new-ireland-ike164,10.3.248.164,,,ipaddr,10.3.248.164,192.168.3.6/32,,no,,,,,,,,,
BO-ireland-new165,10 Mbps,EU (Ireland),192.168.7.0/24,bo-ireland-new-ipsec165,bo-new-ireland-ike165,10.3.248.165,,,ipaddr,10.3.248.165,192.168.3.6/32,,no,,,,,,,,,
BO-ireland-new166,10 Mbps,EU (Ireland),192.168.7.0/24,bo-ireland-new-ipsec166,bo-new-ireland-ike166,10.3.248.166,,,ipaddr,10.3.248.166,192.168.3.6/32,,no,,,,,,,,,
BO-ireland-new167,10 Mbps,EU (Ireland),192.168.7.0/24,bo-ireland-new-ipsec167,bo-new-ireland-ike167,10.3.248.167,,,ipaddr,10.3.248.167,192.168.3.6/32,,no,,,,,,,,,
BO-ireland-new168,10 Mbps,EU (Ireland),192.168.7.0/24,bo-ireland-new-ipsec168,bo-new-ireland-ike168,10.3.248.168,,,ipaddr,10.3.248.168,192.168.3.6/32,,no,,,,,,,,,
BO-ireland-new169,10 Mbps,EU (Ireland),192.168.7.0/24,bo-ireland-new-ipsec169,bo-new-ireland-ike169,10.3.248.169,,,ipaddr,10.3.248.169,192.168.3.6/32,,no,,,,,,,,,
BO-ireland-new170,10 Mbps,EU (Ireland),192.168.7.0/24,bo-ireland-new-ipsec170,bo-new-ireland-ike170,10.3.248.170,,,ipaddr,10.3.248.170,192.168.3.6/32,,no,,,,,,,,,
BO-ireland-new171,10 Mbps,EU (Ireland),192.168.7.0/24,bo-ireland-new-ipsec171,bo-new-ireland-ike171,10.3.248.171,,,ipaddr,10.3.248.171,192.168.3.6/32,,no,,,,,,,,,
BO-ireland-new172,10 Mbps,EU (Ireland),192.168.7.0/24,bo-ireland-new-ipsec172,bo-new-ireland-ike172,10.3.248.172,,,ipaddr,10.3.248.172,192.168.3.6/32,,no,,,,,,,,,
BO-ireland-new173,10 Mbps,EU (Ireland),192.168.7.0/24,bo-ireland-new-ipsec173,bo-new-ireland-ike173,10.3.248.173,,,ipaddr,10.3.248.173,192.168.3.6/32,,no,,,,,,,,,
BO-ireland-new174,10 Mbps,EU (Ireland),192.168.7.0/24,bo-ireland-new-ipsec174,bo-new-ireland-ike174,10.3.248.174,,,ipaddr,10.3.248.174,192.168.3.6/32,,no,,,,,,,,,
BO-ireland-new175,10 Mbps,EU (Ireland),192.168.7.0/24,bo-ireland-new-ipsec175,bo-new-ireland-ike175,10.3.248.175,,,ipaddr,10.3.248.175,192.168.3.6/32,,no,,,,,,,,,
BO-ireland-new176,10 Mbps,EU (Ireland),192.168.7.0/24,bo-ireland-new-ipsec176,bo-new-ireland-ike176,10.3.248.176,,,ipaddr,10.3.248.176,192.168.3.6/32,,no,,,,,,,,,
BO-ireland-new177,10 Mbps,EU (Ireland),192.168.7.0/24,bo-ireland-new-ipsec177,bo-new-ireland-ike177,10.3.248.177,,,ipaddr,10.3.248.177,192.168.3.6/32,,no,,,,,,,,,
BO-ireland-new178,10 Mbps,EU (Ireland),192.168.7.0/24,bo-ireland-new-ipsec178,bo-new-ireland-ike178,10.3.248.178,,,ipaddr,10.3.248.178,192.168.3.6/32,,no,,,,,,,,,
BO-ireland-new179,10 Mbps,EU (Ireland),192.168.7.0/24,bo-ireland-new-ipsec179,bo-new-ireland-ike179,10.3.248.179,,,ipaddr,10.3.248.179,192.168.3.6/32,,no,,,,,,,,,
BO-ireland-new180,10 Mbps,EU (Ireland),192.168.7.0/24,bo-ireland-new-ipsec180,bo-new-ireland-ike180,10.3.248.180,,,ipaddr,10.3.248.180,192.168.3.6/32,,no,,,,,,,,,
BO-ireland-new181,10 Mbps,EU (Ireland),192.168.7.0/24,bo-ireland-new-ipsec181,bo-new-ireland-ike181,10.3.248.181,,,ipaddr,10.3.248.181,192.168.3.6/32,,no,,,,,,,,,
BO-ireland-new182,10 Mbps,EU (Ireland),192.168.7.0/24,bo-ireland-new-ipsec182,bo-new-ireland-ike182,10.3.248.182,,,ipaddr,10.3.248.182,192.168.3.6/32,,no,,,,,,,,,
BO-ireland-new183,10 Mbps,EU (Ireland),192.168.7.0/24,bo-ireland-new-ipsec183,bo-new-ireland-ike183,10.3.248.183,,,ipaddr,10.3.248.183,192.168.3.6/32,,no,,,,,,,,,
BO-ireland-new184,10 Mbps,EU (Ireland),192.168.7.0/24,bo-ireland-new-ipsec184,bo-new-ireland-ike184,10.3.248.184,,,ipaddr,10.3.248.184,192.168.3.6/32,,no,,,,,,,,,
BO-ireland-new185,10 Mbps,EU (Ireland),192.168.7.0/24,bo-ireland-new-ipsec185,bo-new-ireland-ike185,10.3.248.185,,,ipaddr,10.3.248.185,192.168.3.6/32,,no,,,,,,,,,
BO-ireland-new186,10 Mbps,EU (Ireland),192.168.7.0/24,bo-ireland-new-ipsec186,bo-new-ireland-ike186,10.3.248.186,,,ipaddr,10.3.248.186,192.168.3.6/32,,no,,,,,,,,,
BO-ireland-new187,10 Mbps,EU (Ireland),192.168.7.0/24,bo-ireland-new-ipsec187,bo-new-ireland-ike187,10.3.248.187,,,ipaddr,10.3.248.187,192.168.3.6/32,,no,,,,,,,,,
BO-ireland-new188,10 Mbps,EU (Ireland),192.168.7.0/24,bo-ireland-new-ipsec188,bo-new-ireland-ike188,10.3.248.188,,,ipaddr,10.3.248.188,192.168.3.6/32,,no,,,,,,,,,
BO-ireland-new189,10 Mbps,EU (Ireland),192.168.7.0/24,bo-ireland-new-ipsec189,bo-new-ireland-ike189,10.3.248.189,,,ipaddr,10.3.248.189,192.168.3.6/32,,no,,,,,,,,,
BO-ireland-new190,10 Mbps,EU (Ireland),192.168.7.0/24,bo-ireland-new-ipsec190,bo-new-ireland-ike190,10.3.248.190,,,ipaddr,10.3.248.190,192.168.3.6/32,,no,,,,,,,,,
BO-ireland-new191,10 Mbps,EU (Ireland),192.168.7.0/24,bo-ireland-new-ipsec191,bo-new-ireland-ike191,10.3.248.191,,,ipaddr,10.3.248.191,192.168.3.6/32,,no,,,,,,,,,
BO-ireland-new192,10 Mbps,EU (Ireland),192.168.7.0/24,bo-ireland-new-ipsec192,bo-new-ireland-ike192,10.3.248.192,,,ipaddr,10.3.248.192,192.168.3.6/32,,no,,,,,,,,,
BO-ireland-new193,10 Mbps,EU (Ireland),192.168.7.0/24,bo-ireland-new-ipsec193,bo-new-ireland-ike193,10.3.248.193,,,ipaddr,10.3.248.193,192.168.3.6/32,,no,,,,,,,,,
BO-ireland-new194,10 Mbps,EU (Ireland),192.168.7.0/24,bo-ireland-new-ipsec194,bo-new-ireland-ike194,10.3.248.194,,,ipaddr,10.3.248.194,192.168.3.6/32,,no,,,,,,,,,
BO-ireland-new195,10 Mbps,EU (Ireland),192.168.7.0/24,bo-ireland-new-ipsec195,bo-new-ireland-ike195,10.3.248.195,,,ipaddr,10.3.248.195,192.168.3.6/32,,no,,,,,,,,,
BO-ireland-new196,10 Mbps,EU (Ireland),192.168.7.0/24,bo-ireland-new-ipsec196,bo-new-ireland-ike196,10.3.248.196,,,ipaddr,10.3.248.196,192.168.3.6/32,,no,,,,,,,,,
BO-ireland-new197,10 Mbps,EU (Ireland),192.168.7.0/24,bo-ireland-new-ipsec197,bo-new-ireland-ike197,10.3.248.197,,,ipaddr,10.3.248.197,192.168.3.6/32,,no,,,,,,,,,
BO-ireland-new198,10 Mbps,EU (Ireland),192.168.7.0/24,bo-ireland-new-ipsec198,bo-new-ireland-ike198,10.3.248.198,,,ipaddr,10.3.248.198,192.168.3.6/32,,no,,,,,,,,,
BO-ireland-new199,10 Mbps,EU (Ireland),192.168.7.0/24,bo-ireland-new-ipsec199,bo-new-ireland-ike199,10.3.248.199,,,ipaddr,10.3.248.199,192.168.3.6/32,,no,,,,,,,,,
BO-ireland-new200,10 Mbps,EU (Ireland),192.168.7.0/24,bo-ireland-new-ipsec200,bo-new-ireland-ike200,10.3.248.200,,,ipaddr,10.3.248.200,192.168.3.6/32,,no,,,,,,,,,
BO-ireland-new201,10 Mbps,EU (Ireland),192.168.7.0/24,bo-ireland-new-ipsec201,bo-new-ireland-ike201,10.3.248.201,,,ipaddr,10.3.248.201,192.168.3.6/32,,no,,,,,,,,,
BO-ireland-new202,10 Mbps,EU (Ireland),192.168.7.0/24,bo-ireland-new-ipsec202,bo-new-ireland-ike202,10.3.248.202,,,ipaddr,10.3.248.202,192.168.3.6/32,,no,,,,,,,,,
BO-ireland-new203,10 Mbps,EU (Ireland),192.168.7.0/24,bo-ireland-new-ipsec203,bo-new-ireland-ike203,10.3.248.203,,,ipaddr,10.3.248.203,192.168.3.6/32,,no,,,,,,,,,
BO-ireland-new204,10 Mbps,EU (Ireland),192.168.7.0/24,bo-ireland-new-ipsec204,bo-new-ireland-ike204,10.3.248.204,,,ipaddr,10.3.248.204,192.168.3.6/32,,no,,,,,,,,,
BO-ireland-new205,10 Mbps,EU (Ireland),192.168.7.0/24,bo-ireland-new-ipsec205,bo-new-ireland-ike205,10.3.248.205,,,ipaddr,10.3.248.205,192.168.3.6/32,,no,,,,,,,,,
BO-ireland-new206,10 Mbps,EU (Ireland),192.168.7.0/24,bo-ireland-new-ipsec206,bo-new-ireland-ike206,10.3.248.206,,,ipaddr,10.3.248.206,192.168.3.6/32,,no,,,,,,,,,
BO-ireland-new207,10 Mbps,EU (Ireland),192.168.7.0/24,bo-ireland-new-ipsec207,bo-new-ireland-ike207,10.3.248.207,,,ipaddr,10.3.248.207,192.168.3.6/32,,no,,,,,,,,,
BO-ireland-new208,10 Mbps,EU (Ireland),192.168.7.0/24,bo-ireland-new-ipsec208,bo-new-ireland-ike208,10.3.248.208,,,ipaddr,10.3.248.208,192.168.3.6/32,,no,,,,,,,,,
BO-ireland-new209,10 Mbps,EU (Ireland),192.168.7.0/24,bo-ireland-new-ipsec209,bo-new-ireland-ike209,10.3.248.209,,,ipaddr,10.3.248.209,192.168.3.6/32,,no,,,,,,,,,
BO-ireland-new210,10 Mbps,EU (Ireland),192.168.7.0/24,bo-ireland-new-ipsec210,bo-new-ireland-ike210,10.3.248.210,,,ipaddr,10.3.248.210,192.168.3.6/32,,no,,,,,,,,,
BO-ireland-new211,10 Mbps,EU (Ireland),192.168.7.0/24,bo-ireland-new-ipsec211,bo-new-ireland-ike211,10.3.248.211,,,ipaddr,10.3.248.211,192.168.3.6/32,,no,,,,,,,,,
BO-ireland-new212,10 Mbps,EU (Ireland),192.168.7.0/24,bo-ireland-new-ipsec212,bo-new-ireland-ike212,10.3.248.212,,,ipaddr,10.3.248.212,192.168.3.6/32,,no,,,,,,,,,
BO-ireland-new213,10 Mbps,EU (Ireland),192.168.7.0/24,bo-ireland-new-ipsec213,bo-new-ireland-ike213,10.3.248.213,,,ipaddr,10.3.248.213,192.168.3.6/32,,no,,,,,,,,,
BO-ireland-new214,10 Mbps,EU (Ireland),192.168.7.0/24,bo-ireland-new-ipsec214,bo-new-ireland-ike214,10.3.248.214,,,ipaddr,10.3.248.214,192.168.3.6/32,,no,,,,,,,,,
BO-ireland-new215,10 Mbps,EU (Ireland),192.168.7.0/24,bo-ireland-new-ipsec215,bo-new-ireland-ike215,10.3.248.215,,,ipaddr,10.3.248.215,192.168.3.6/32,,no,,,,,,,,,
BO-ireland-new216,10 Mbps,EU (Ireland),192.168.7.0/24,bo-ireland-new-ipsec216,bo-new-ireland-ike216,10.3.248.216,,,ipaddr,10.3.248.216,192.168.3.6/32,,no,,,,,,,,,
BO-ireland-new217,10 Mbps,EU (Ireland),192.168.7.0/24,bo-ireland-new-ipsec217,bo-new-ireland-ike217,10.3.248.217,,,ipaddr,10.3.248.217,192.168.3.6/32,,no,,,,,,,,,
BO-ireland-new218,10 Mbps,EU (Ireland),192.168.7.0/24,bo-ireland-new-ipsec218,bo-new-ireland-ike218,10.3.248.218,,,ipaddr,10.3.248.218,192.168.3.6/32,,no,,,,,,,,,
BO-ireland-new219,10 Mbps,EU (Ireland),192.168.7.0/24,bo-ireland-new-ipsec219,bo-new-ireland-ike219,10.3.248.219,,,ipaddr,10.3.248.219,192.168.3.6/32,,no,,,,,,,,,
BO-ireland-new220,10 Mbps,EU (Ireland),192.168.7.0/24,bo-ireland-new-ipsec220,bo-new-ireland-ike220,10.3.248.220,,,ipaddr,10.3.248.220,192.168.3.6/32,,no,,,,,,,,,
BO-ireland-new221,10 Mbps,EU (Ireland),192.168.7.0/24,bo-ireland-new-ipsec221,bo-new-ireland-ike221,10.3.248.221,,,ipaddr,10.3.248.221,192.168.3.6/32,,no,,,,,,,,,
BO-ireland-new222,10 Mbps,EU (Ireland),192.168.7.0/24,bo-ireland-new-ipsec222,bo-new-ireland-ike222,10.3.248.222,,,ipaddr,10.3.248.222,192.168.3.6/32,,no,,,,,,,,,
BO-ireland-new223,10 Mbps,EU (Ireland),192.168.7.0/24,bo-ireland-new-ipsec223,bo-new-ireland-ike223,10.3.248.223,,,ipaddr,10.3.248.223,192.168.3.6/32,,no,,,,,,,,,
BO-ireland-new224,10 Mbps,EU (Ireland),192.168.7.0/24,bo-ireland-new-ipsec224,bo-new-ireland-ike224,10.3.248.224,,,ipaddr,10.3.248.224,192.168.3.6/32,,no,,,,,,,,,
BO-ireland-new225,10 Mbps,EU (Ireland),192.168.7.0/24,bo-ireland-new-ipsec225,bo-new-ireland-ike225,10.3.248.225,,,ipaddr,10.3.248.225,192.168.3.6/32,,no,,,,,,,,,
BO-ireland-new226,10 Mbps,EU (Ireland),192.168.7.0/24,bo-ireland-new-ipsec226,bo-new-ireland-ike226,10.3.248.226,,,ipaddr,10.3.248.226,192.168.3.6/32,,no,,,,,,,,,
BO-ireland-new227,10 Mbps,EU (Ireland),192.168.7.0/24,bo-ireland-new-ipsec227,bo-new-ireland-ike227,10.3.248.227,,,ipaddr,10.3.248.227,192.168.3.6/32,,no,,,,,,,,,
BO-ireland-new228,10 Mbps,EU (Ireland),192.168.7.0/24,bo-ireland-new-ipsec228,bo-new-ireland-ike228,10.3.248.228,,,ipaddr,10.3.248.228,192.168.3.6/32,,no,,,,,,,,,
BO-ireland-new229,10 Mbps,EU (Ireland),192.168.7.0/24,bo-ireland-new-ipsec229,bo-new-ireland-ike229,10.3.248.229,,,ipaddr,10.3.248.229,192.168.3.6/32,,no,,,,,,,,,
BO-ireland-new230,10 Mbps,EU (Ireland),192.168.7.0/24,bo-ireland-new-ipsec230,bo-new-ireland-ike230,10.3.248.230,,,ipaddr,10.3.248.230,192.168.3.6/32,,no,,,,,,,,,
BO-ireland-new231,10 Mbps,EU (Ireland),192.168.7.0/24,bo-ireland-new-ipsec231,bo-new-ireland-ike231,10.3.248.231,,,ipaddr,10.3.248.231,192.168.3.6/32,,no,,,,,,,,,
BO-ireland-new232,10 Mbps,EU (Ireland),192.168.7.0/24,bo-ireland-new-ipsec232,bo-new-ireland-ike232,10.3.248.232,,,ipaddr,10.3.248.232,192.168.3.6/32,,no,,,,,,,,,
BO-ireland-new233,10 Mbps,EU (Ireland),192.168.7.0/24,bo-ireland-new-ipsec233,bo-new-ireland-ike233,10.3.248.233,,,ipaddr,10.3.248.233,192.168.3.6/32,,no,,,,,,,,,
BO-ireland-new234,10 Mbps,EU (Ireland),192.168.7.0/24,bo-ireland-new-ipsec234,bo-new-ireland-ike234,10.3.248.234,,,ipaddr,10.3.248.234,192.168.3.6/32,,no,,,,,,,,,
BO-ireland-new235,10 Mbps,EU (Ireland),192.168.7.0/24,bo-ireland-new-ipsec235,bo-new-ireland-ike235,10.3.248.235,,,ipaddr,10.3.248.235,192.168.3.6/32,,no,,,,,,,,,
BO-ireland-new236,10 Mbps,EU (Ireland),192.168.7.0/24,bo-ireland-new-ipsec236,bo-new-ireland-ike236,10.3.248.236,,,ipaddr,10.3.248.236,192.168.3.6/32,,no,,,,,,,,,
BO-ireland-new237,10 Mbps,EU (Ireland),192.168.7.0/24,bo-ireland-new-ipsec237,bo-new-ireland-ike237,10.3.248.237,,,ipaddr,10.3.248.237,192.168.3.6/32,,no,,,,,,,,,
BO-ireland-new238,10 Mbps,EU (Ireland),192.168.7.0/24,bo-ireland-new-ipsec238,bo-new-ireland-ike238,10.3.248.238,,,ipaddr,10.3.248.238,192.168.3.6/32,,no,,,,,,,,,
BO-ireland-new239,10 Mbps,EU (Ireland),192.168.7.0/24,bo-ireland-new-ipsec239,bo-new-ireland-ike239,10.3.248.239,,,ipaddr,10.3.248.239,192.168.3.6/32,,no,,,,,,,,,
BO-ireland-new240,10 Mbps,EU (Ireland),192.168.7.0/24,bo-ireland-new-ipsec240,bo-new-ireland-ike240,10.3.248.240,,,ipaddr,10.3.248.240,192.168.3.6/32,,no,,,,,,,,,
BO-ireland-new241,10 Mbps,EU (Ireland),192.168.7.0/24,bo-ireland-new-ipsec241,bo-new-ireland-ike241,10.3.248.241,,,ipaddr,10.3.248.241,192.168.3.6/32,,no,,,,,,,,,
BO-ireland-new242,10 Mbps,EU (Ireland),192.168.7.0/24,bo-ireland-new-ipsec242,bo-new-ireland-ike242,10.3.248.242,,,ipaddr,10.3.248.242,192.168.3.6/32,,no,,,,,,,,,
BO-ireland-new243,10 Mbps,EU (Ireland),192.168.7.0/24,bo-ireland-new-ipsec243,bo-new-ireland-ike243,10.3.248.243,,,ipaddr,10.3.248.243,192.168.3.6/32,,no,,,,,,,,,
BO-ireland-new244,10 Mbps,EU (Ireland),192.168.7.0/24,bo-ireland-new-ipsec244,bo-new-ireland-ike244,10.3.248.244,,,ipaddr,10.3.248.244,192.168.3.6/32,,no,,,,,,,,,
BO-ireland-new245,10 Mbps,EU (Ireland),192.168.7.0/24,bo-ireland-new-ipsec245,bo-new-ireland-ike245,10.3.248.245,,,ipaddr,10.3.248.245,192.168.3.6/32,,no,,,,,,,,,
BO-ireland-new246,10 Mbps,EU (Ireland),192.168.7.0/24,bo-ireland-new-ipsec246,bo-new-ireland-ike246,10.3.248.246,,,ipaddr,10.3.248.246,192.168.3.6/32,,no,,,,,,,,,
BO-ireland-new247,10 Mbps,EU (Ireland),192.168.7.0/24,bo-ireland-new-ipsec247,bo-new-ireland-ike247,10.3.248.247,,,ipaddr,10.3.248.247,192.168.3.6/32,,no,,,,,,,,,
BO-ireland-new248,10 Mbps,EU (Ireland),192.168.7.0/24,bo-ireland-new-ipsec248,bo-new-ireland-ike248,10.3.248.248,,,ipaddr,10.3.248.248,192.168.3.6/32,,no,,,,,,,,,
BO-ireland-new249,10 Mbps,EU (Ireland),192.168.7.0/24,bo-ireland-new-ipsec249,bo-new-ireland-ike249,10.3.248.249,,,ipaddr,10.3.248.249,192.168.3.6/32,,no,,,,,,,,,
BO-ireland-new250,10 Mbps,EU (Ireland),192.168.7.0/24,bo-ireland-new-ipsec250,bo-new-ireland-ike250,10.3.248.250,,,ipaddr,10.3.248.250,192.168.3.6/32,,no,,,,,,,,,
BO-ireland-new251,10 Mbps,EU (Ireland),192.168.7.0/24,bo-ireland-new-ipsec251,bo-new-ireland-ike251,10.3.248.251,,,ipaddr,10.3.248.251,192.168.3.6/32,,no,,,,,,,,,
BO-ireland-new252,10 Mbps,EU (Ireland),192.168.7.0/24,bo-ireland-new-ipsec252,bo-new-ireland-ike252,10.3.248.252,,,ipaddr,10.3.248.252,192.168.3.6/32,,no,,,,,,,,,
BO-ireland-new253,10 Mbps,EU (Ireland),192.168.7.0/24,bo-ireland-new-ipsec253,bo-new-ireland-ike253,10.3.248.253,,,ipaddr,10.3.248.253,192.168.3.6/32,,no,,,,,,,,,
BO-ireland-new254,10 Mbps,EU (Ireland),192.168.7.0/24,bo-ireland-new-ipsec254,bo-new-ireland-ike254,10.3.248.254,,,ipaddr,10.3.248.254,192.168.3.6/32,,no,,,,,,,,,
BO-ireland-new255,10 Mbps,EU (Ireland),192.168.7.0/24,bo-ireland-new-ipsec255,bo-new-ireland-ike255,10.3.249.1,,,ipaddr,10.3.249.1,192.168.3.6/32,,no,,,,,,,,,
BO-ireland-new256,10 Mbps,EU (Ireland),192.168.7.0/24,bo-ireland-new-ipsec256,bo-new-ireland-ike256,10.3.249.2,,,ipaddr,10.3.249.2,192.168.3.6/32,,no,,,,,,,,,
BO-ireland-new257,10 Mbps,EU (Ireland),192.168.7.0/24,bo-ireland-new-ipsec257,bo-new-ireland-ike257,10.3.249.3,,,ipaddr,10.3.249.3,192.168.3.6/32,,no,,,,,,,,,
BO-ireland-new258,10 Mbps,EU (Ireland),192.168.7.0/24,bo-ireland-new-ipsec258,bo-new-ireland-ike258,10.3.249.4,,,ipaddr,10.3.249.4,192.168.3.6/32,,no,,,,,,,,,
BO-ireland-new259,10 Mbps,EU (Ireland),192.168.7.0/24,bo-ireland-new-ipsec259,bo-new-ireland-ike259,10.3.249.5,,,ipaddr,10.3.249.5,192.168.3.6/32,,no,,,,,,,,,
